Machine_ID,Machine_Type,Installation_Year,Machine_Age,Total_Run_Hours,Avg_Load_Percentage,Daily_Operating_Hours,Capacity_Per_Hour,Avg_Temperature,Avg_Vibration,Energy_Consumption_Rate,Last_Maintenance_Days,Failure_History_Count,Downtime_Hours_Last_Year,Maintenance_Cost_Last_Year,Failure_Label,Remaining_Useful_Life_Hours
MCH-001,Conveyor,2018,7,716.4,53.47,7.6,17.2,68.52,4.24,8.49,284,0,0.3,80.94,0,84.1
MCH-002,CNC Mill,2008,17,3158.9,78.57,13.9,41.4,76.81,8.24,15.49,147,0,1.6,453.38,1,136.6
MCH-003,Conveyor,2020,5,588.4,45.32,10.7,52.3,62.43,4.08,26.19,27,1,26.8,18583.75,0,85.7
MCH-004,Hydraulic Press,2022,3,697.3,78.75,18.1,26.0,81.52,6.09,6.15,153,0,8.7,2923.4,0,96.7
MCH-005,Conveyor,2010,15,1922.3,54.68,11.2,55.4,64.06,5.57,28.42,316,5,61.8,52565.23,1,81.1
MCH-006,Hydraulic Press,2011,14,3024.9,82.68,15.6,12.2,72.49,3.72,10.73,166,3,39.8,61711.12,0,312.0
MCH-007,Hydraulic Press,2011,14,2585.5,90.3,15.2,28.5,78.3,2.08,16.47,131,4,76.1,65679.41,0,315.1
MCH-008,Welding Unit,2011,14,3128.1,67.14,20.0,70.3,61.52,3.58,23.89,83,1,25.7,13717.56,0,376.0
MCH-009,Lathe,2016,9,1090.1,91.83,9.5,18.0,72.48,5.08,22.01,279,2,45.5,27128.86,0,108.6
MCH-010,CNC Mill,2019,6,1278.9,67.53,18.3,73.9,65.72,2.55,9.47,325,1,27.4,15542.68,0,161.2
MCH-011,Conveyor,2016,9,2458.4,90.52,19.3,44.2,84.48,4.09,19.97,62,2,54.2,27932.15,0,339.0
MCH-012,Welding Unit,2009,16,1439.3,43.81,7.2,63.6,63.48,2.53,24.02,70,5,85.9,77915.43,0,171.5
MCH-013,Hydraulic Press,2011,14,3595.6,77.94,19.0,37.9,70.66,4.69,22.82,348,2,36.1,22073.56,1,177.0
MCH-014,Welding Unit,2008,17,2781.1,52.11,14.2,54.2,59.88,5.21,6.77,122,0,8.6,2334.05,0,216.4
MCH-015,Welding Unit,2011,14,2531.9,88.53,13.5,27.0,73.56,6.55,19.41,247,3,34.7,39280.99,1,141.5
MCH-016,Hydraulic Press,2021,4,855.8,94.13,16.2,38.2,79.69,3.48,7.46,178,0,1.9,620.47,0,121.2
MCH-017,Welding Unit,2015,10,1344.8,64.37,9.5,48.5,64.2,4.2,26.53,30,0,9.3,2324.01,0,185.2
MCH-018,Welding Unit,2015,10,1095.4,43.22,9.0,79.0,60.3,4.47,14.47,140,3,45.5,56708.04,0,136.5
MCH-019,Lathe,2010,15,1497.3,43.22,8.7,14.3,61.82,5.24,23.39,165,0,4.8,1724.82,1,122.6
MCH-020,Conveyor,2016,9,725.4,72.73,7.1,26.5,72.86,2.05,21.88,66,1,18.2,13049.09,0,103.4
MCH-021,Conveyor,2016,9,1089.2,76.83,10.4,28.6,66.41,4.85,12.85,72,2,40.8,36988.71,0,146.5
MCH-022,Conveyor,2017,8,1739.2,51.72,19.9,75.3,69.21,4.8,11.63,40,0,1.6,657.7,0,242.8
MCH-023,Conveyor,2020,5,811.3,84.94,15.2,56.4,74.9,3.97,12.48,73,1,11.0,13630.99,0,117.0
MCH-024,CNC Mill,2011,14,2558.1,74.88,16.0,44.2,65.07,3.36,11.6,31,0,8.3,2490.56,0,329.7
MCH-025,Hydraulic Press,2018,7,1552.8,64.3,19.7,49.3,66.99,6.84,22.64,62,0,6.9,1454.58,0,207.7
MCH-026,Welding Unit,2017,8,1345.9,42.3,13.7,75.3,64.41,2.21,14.12,25,1,14.1,12147.83,0,195.3
MCH-027,CNC Mill,2017,8,1869.9,53.02,16.5,66.0,67.53,3.84,9.06,95,1,15.8,15893.92,0,258.8
MCH-028,CNC Mill,2012,13,1419.1,61.04,8.2,42.9,64.93,5.72,5.97,107,3,50.0,54483.54,0,149.8
MCH-029,Hydraulic Press,2014,11,1624.5,93.18,10.6,54.9,83.11,6.5,11.98,209,2,49.1,41858.32,1,144.2
MCH-030,Lathe,2008,17,1568.0,80.07,7.5,52.4,72.99,3.49,12.84,266,0,5.8,2393.29,1,91.4
MCH-031,Lathe,2016,9,2170.5,79.57,19.0,56.9,66.33,6.96,23.55,191,3,34.2,34966.78,0,223.4
MCH-032,CNC Mill,2019,6,1403.3,76.68,18.6,58.8,72.12,3.8,13.15,288,0,6.6,2801.31,0,174.5
MCH-033,Welding Unit,2017,8,1365.3,85.85,14.0,24.7,81.65,3.13,12.6,301,2,42.9,30173.53,0,159.4
MCH-034,CNC Mill,2020,5,1271.5,49.33,18.6,46.1,68.97,5.05,7.12,329,1,19.1,12947.39,0,145.6
MCH-035,CNC Mill,2010,15,1094.0,66.13,6.3,15.1,64.65,4.35,26.24,217,5,96.1,74940.92,1,84.7
MCH-036,Lathe,2018,7,1533.1,87.32,15.6,64.5,78.0,8.29,27.14,117,0,7.0,2570.55,0,182.5
MCH-037,Welding Unit,2015,10,980.6,69.21,7.9,32.2,70.58,8.38,18.97,231,3,71.8,72294.58,0,70.8
MCH-038,Hydraulic Press,2015,10,1112.2,75.07,9.6,46.5,70.53,4.37,24.15,325,1,13.4,11629.58,0,97.9
MCH-039,Welding Unit,2022,3,455.8,52.72,13.6,59.4,66.25,3.98,22.35,37,1,20.4,14503.57,0,67.0
MCH-040,Welding Unit,2014,11,2646.6,78.25,18.7,63.6,73.93,2.02,26.42,199,3,27.8,50282.01,0,332.1
MCH-041,CNC Mill,2016,9,1889.3,73.18,16.5,25.4,70.86,5.17,10.51,228,3,28.8,44627.55,0,207.6
MCH-042,Hydraulic Press,2021,4,556.6,74.22,12.5,37.6,79.66,3.64,5.67,293,0,4.3,1094.43,0,73.5
MCH-043,Hydraulic Press,2014,11,1442.9,58.56,10.6,29.5,63.53,3.67,26.99,220,2,49.1,35567.71,0,160.3
MCH-044,CNC Mill,2011,14,2878.5,75.85,15.1,76.5,77.33,5.11,23.86,107,0,2.4,562.36,0,299.9
MCH-045,Welding Unit,2015,10,2142.7,49.23,15.8,62.4,62.12,5.5,20.18,63,1,25.5,12743.26,0,277.5
MCH-046,Lathe,2014,11,2407.7,72.57,19.2,27.0,72.26,6.6,25.76,361,2,50.9,37624.4,1,120.1
MCH-047,CNC Mill,2013,12,2132.1,43.79,13.5,10.9,59.63,3.93,21.19,220,3,39.0,51563.43,0,218.9
MCH-048,Lathe,2014,11,1180.9,75.78,8.5,74.4,70.77,2.5,20.4,252,3,53.5,47421.86,0,134.3
MCH-049,Hydraulic Press,2012,13,2753.2,65.56,18.3,36.5,71.15,4.97,20.26,19,3,69.2,51766.6,0,347.4
MCH-050,Welding Unit,2012,13,3166.9,55.19,18.3,76.4,66.58,4.08,5.25,48,1,25.1,22801.93,0,402.1
MCH-051,Hydraulic Press,2015,10,1880.9,52.19,17.1,31.4,58.58,3.79,22.29,302,2,37.4,34359.47,0,186.1
MCH-052,Hydraulic Press,2013,12,2213.7,53.83,15.8,23.5,64.44,3.25,8.02,66,4,103.6,71337.47,0,292.8
MCH-053,Lathe,2019,6,1161.4,72.82,14.3,68.3,71.04,5.27,29.51,156,0,3.0,713.92,0,155.0
MCH-054,Hydraulic Press,2008,17,3097.0,46.95,13.7,44.4,73.52,4.81,26.71,11,4,56.1,61097.56,0,334.2
MCH-055,Lathe,2021,4,699.6,62.04,12.7,54.1,69.9,4.35,6.85,32,0,5.6,2789.78,0,102.1
MCH-056,Lathe,2016,9,1946.6,83.49,16.7,46.6,65.45,4.43,10.64,235,3,45.1,44578.45,0,222.1
MCH-057,Conveyor,2017,8,1710.8,81.95,19.4,28.5,74.89,12.0,20.64,46,0,5.5,1774.05,0,167.9
MCH-058,CNC Mill,2015,10,1164.1,78.88,10.1,41.8,72.7,5.06,22.57,356,1,31.6,23838.6,1,85.3
MCH-059,Welding Unit,2014,11,961.4,48.19,7.6,20.0,66.16,4.47,11.64,35,1,27.4,26294.61,0,128.5
MCH-060,Lathe,2009,16,2379.3,62.14,12.6,47.8,72.48,2.83,11.81,229,0,8.9,3391.92,1,194.7
MCH-061,Welding Unit,2009,16,1944.4,87.33,9.2,11.5,80.15,3.12,19.68,349,2,43.2,28869.59,1,95.7
MCH-062,Welding Unit,2022,3,428.8,63.97,9.9,77.8,76.2,2.56,25.36,245,1,18.2,10564.1,0,60.7
MCH-063,Lathe,2019,6,1019.0,62.02,12.9,12.6,71.54,10.76,24.01,50,1,13.4,18882.42,0,121.5
MCH-064,Hydraulic Press,2018,7,1580.1,42.98,18.2,53.6,57.94,3.57,17.96,260,2,31.5,22879.2,0,198.1
MCH-065,Lathe,2015,10,2285.4,41.59,18.3,66.0,62.98,3.66,20.75,86,2,40.3,31920.57,0,307.9
MCH-066,Welding Unit,2015,10,2529.9,48.47,19.3,30.4,56.79,4.61,28.32,144,3,76.4,50226.92,0,311.7
MCH-067,Hydraulic Press,2011,14,3328.2,88.36,18.9,29.3,71.2,5.42,26.6,217,2,52.8,41451.16,0,247.9
MCH-068,CNC Mill,2021,4,820.4,66.93,14.2,47.7,73.18,4.2,8.71,181,1,22.8,16314.4,0,114.7
MCH-069,CNC Mill,2019,6,675.3,87.08,9.3,32.3,74.18,3.14,15.27,247,2,50.9,52048.13,0,89.6
MCH-070,CNC Mill,2015,10,2169.5,93.09,19.5,17.0,76.14,5.6,13.3,230,0,4.6,1485.77,0,215.5
MCH-071,Welding Unit,2009,16,2889.1,58.62,12.6,55.5,72.81,5.53,22.32,173,5,116.8,89376.92,1,200.1
MCH-072,Welding Unit,2021,4,706.8,52.91,13.6,30.1,72.69,12.37,22.11,121,0,1.0,461.77,0,74.3
MCH-073,CNC Mill,2010,15,3316.0,42.53,15.7,30.5,61.14,4.13,24.9,196,3,36.7,48043.48,1,281.8
MCH-074,Welding Unit,2010,15,1486.4,74.08,7.1,73.9,73.52,6.13,11.02,78,1,18.4,11285.14,0,141.0
MCH-075,Welding Unit,2022,3,381.7,44.06,10.0,79.1,57.03,2.64,28.63,158,1,24.3,20166.65,0,55.4
MCH-076,Lathe,2009,16,1907.7,71.61,9.3,30.7,74.09,5.05,29.82,342,3,43.7,54076.59,1,67.1
MCH-077,CNC Mill,2022,3,545.2,89.73,14.5,65.9,78.17,5.15,12.15,315,1,13.6,13309.02,0,68.6
MCH-078,CNC Mill,2018,7,675.0,42.17,7.4,12.3,59.25,4.92,24.72,191,2,29.6,26144.05,0,86.1
MCH-079,Hydraulic Press,2010,15,3564.4,60.12,17.0,29.1,69.5,3.37,17.54,89,2,56.5,45650.33,0,411.2
MCH-080,Lathe,2020,5,543.7,47.74,7.6,70.2,73.65,5.42,29.16,350,1,32.5,22866.9,0,58.4
MCH-081,Conveyor,2012,13,2171.8,77.01,13.5,50.9,67.15,5.83,21.81,331,2,22.0,20736.44,1,108.2
MCH-082,Lathe,2013,12,2591.6,43.48,18.8,73.7,58.17,6.14,25.6,159,3,30.4,31279.22,0,251.3
MCH-083,Lathe,2009,16,1888.2,61.38,9.3,76.5,74.21,3.23,14.28,361,4,67.9,48212.11,1,86.1
MCH-084,Conveyor,2021,4,629.4,92.33,12.9,35.9,82.52,5.29,5.82,232,1,32.7,19260.07,0,82.9
MCH-085,Hydraulic Press,2022,3,709.8,61.9,19.7,18.6,72.68,9.57,9.75,237,0,6.4,1321.01,0,78.0
MCH-086,Conveyor,2011,14,3780.5,51.29,19.8,48.8,64.16,3.32,25.75,305,1,24.2,23309.24,1,275.5
MCH-087,Conveyor,2008,17,2421.4,94.31,9.9,65.9,82.69,4.07,18.51,61,5,115.0,93113.0,0,250.4
MCH-088,CNC Mill,2013,12,867.1,46.97,6.2,18.0,70.14,5.56,15.52,37,3,50.5,49757.86,0,108.1
MCH-089,Welding Unit,2017,8,719.3,87.68,6.6,42.1,89.98,4.65,18.04,20,0,8.5,1975.3,0,101.6
MCH-090,Conveyor,2009,16,3532.7,48.16,18.6,53.7,57.42,4.42,8.15,304,4,84.2,68184.79,1,169.4
MCH-091,Welding Unit,2017,8,1311.5,46.29,12.0,71.4,59.07,6.63,21.37,287,2,49.7,43871.78,0,118.7
MCH-092,Hydraulic Press,2014,11,1428.8,63.47,11.8,36.2,69.25,4.24,21.63,83,3,35.7,25971.11,0,184.8
MCH-093,Lathe,2020,5,424.1,92.61,7.8,56.9,77.16,6.03,19.04,215,1,32.3,24563.89,0,53.7
MCH-094,CNC Mill,2012,13,2243.2,71.79,14.4,56.0,69.27,6.12,10.32,119,0,5.6,1587.99,0,223.1
MCH-095,Hydraulic Press,2020,5,766.7,82.21,12.0,57.2,79.89,3.91,20.54,290,0,6.6,1377.33,0,97.9
MCH-096,Conveyor,2019,6,1417.8,59.31,16.7,20.0,63.16,3.65,9.54,341,1,16.6,18495.06,0,165.5
MCH-097,Lathe,2011,14,1957.0,48.66,11.3,32.7,68.15,4.65,12.79,295,4,38.3,41055.36,1,121.9
MCH-098,Conveyor,2012,13,1944.1,73.39,12.2,25.1,75.17,9.07,15.35,267,0,1.1,415.73,1,71.5
MCH-099,Welding Unit,2018,7,828.0,94.14,10.3,24.3,79.4,3.24,6.37,113,0,2.9,1012.73,0,116.5
MCH-100,Lathe,2010,15,1482.5,52.66,7.8,56.8,71.09,4.57,18.97,186,0,7.4,2500.65,1,123.3
MCH-101,Hydraulic Press,2021,4,510.8,62.24,10.4,30.3,74.09,6.83,21.0,212,0,1.7,574.65,0,64.8
MCH-102,Lathe,2009,16,2139.0,63.96,12.1,15.5,62.3,3.08,15.01,163,5,72.2,58903.7,0,204.8
MCH-103,Lathe,2016,9,1661.2,59.22,13.1,67.3,70.34,5.5,23.18,80,1,12.3,9759.08,0,217.7
MCH-104,Hydraulic Press,2010,15,3773.2,65.52,19.3,50.6,72.23,20.93,19.09,353,4,85.6,74982.92,1,13.6
MCH-105,Hydraulic Press,2010,15,2274.5,74.73,12.2,51.4,75.27,7.06,24.91,185,4,41.7,34457.2,1,133.8
MCH-106,Conveyor,2009,16,3446.8,44.97,15.0,36.9,68.26,5.82,19.85,302,4,104.3,70945.08,1,127.7
MCH-107,Welding Unit,2018,7,779.4,67.58,8.6,41.5,68.7,6.07,28.94,180,2,25.3,21213.69,0,95.7
MCH-108,Welding Unit,2016,9,1346.6,60.51,13.3,38.6,64.29,4.08,12.07,178,0,6.5,1484.29,0,169.2
MCH-109,Welding Unit,2012,13,1714.6,93.04,9.5,20.5,75.49,4.63,20.07,46,4,86.3,66654.53,0,213.0
MCH-110,Lathe,2010,15,3048.5,57.03,14.3,65.4,78.68,2.12,14.42,70,5,109.2,126590.0,0,384.6
MCH-111,Lathe,2018,7,1356.0,41.0,15.4,76.6,65.73,2.35,12.72,179,1,21.3,12699.56,0,188.1
MCH-112,Conveyor,2016,9,2089.7,88.6,16.8,33.6,74.22,6.93,5.94,321,1,19.7,14843.18,1,148.9
MCH-113,Welding Unit,2020,5,1245.1,42.4,18.6,60.4,63.04,2.91,14.11,232,1,28.6,15112.1,0,171.3
MCH-114,Conveyor,2022,3,639.6,92.09,17.7,42.3,74.05,5.88,29.61,149,1,20.7,12000.7,0,89.3
MCH-115,CNC Mill,2010,15,2960.5,66.43,18.2,75.4,66.28,4.89,14.28,269,0,7.6,3584.1,1,174.5
MCH-116,Hydraulic Press,2021,4,689.4,52.21,12.1,34.5,65.89,3.45,16.28,18,1,13.9,14284.95,0,101.4
MCH-117,Welding Unit,2011,14,1271.0,86.15,6.4,65.4,86.56,5.78,21.25,75,0,8.3,2005.59,0,134.1
MCH-118,Welding Unit,2015,10,2057.1,41.05,14.6,20.5,52.19,4.83,10.39,316,3,32.6,31021.53,1,176.4
MCH-119,Conveyor,2018,7,1482.3,46.1,17.1,51.8,61.61,2.3,27.63,13,2,35.9,24674.44,0,216.7
MCH-120,Welding Unit,2013,12,1379.5,76.54,9.4,78.2,69.1,8.71,7.14,39,4,76.9,56154.02,0,140.1
MCH-121,Hydraulic Press,2008,17,3641.4,53.95,14.9,65.2,64.51,3.95,5.41,181,1,26.7,23943.86,0,274.1
MCH-122,Welding Unit,2010,15,1259.5,84.74,6.6,64.5,84.25,5.27,9.38,242,5,82.5,65964.74,1,78.0
MCH-123,CNC Mill,2008,17,1856.5,50.97,10.1,75.3,58.99,6.47,6.05,268,3,79.9,56635.8,1,61.5
MCH-124,CNC Mill,2012,13,1946.9,87.62,11.0,18.7,86.9,6.77,13.3,193,3,76.8,66107.42,1,145.7
MCH-125,Lathe,2015,10,1890.7,83.85,15.7,15.8,71.5,2.69,11.67,222,0,10.0,2881.3,0,232.0
MCH-126,Welding Unit,2009,16,1996.2,64.53,10.6,21.7,68.17,9.48,22.94,232,2,38.5,43033.68,1,49.8
MCH-127,Lathe,2012,13,2662.7,43.15,15.0,38.4,62.85,3.09,21.78,267,1,25.6,22196.2,0,245.9
MCH-128,Conveyor,2010,15,1408.2,60.15,6.9,49.7,61.57,4.3,14.57,314,1,29.0,21158.97,1,75.5
MCH-129,Welding Unit,2010,15,2444.0,75.73,13.4,17.9,62.74,2.66,11.24,100,3,59.5,44265.95,0,289.2
MCH-130,Hydraulic Press,2011,14,3268.4,90.41,19.9,18.6,84.84,7.61,17.28,42,3,39.9,62599.72,0,316.6
MCH-131,CNC Mill,2018,7,831.1,69.82,10.9,69.6,70.3,3.72,27.28,363,2,25.5,27121.1,0,88.1
MCH-132,Welding Unit,2011,14,2572.5,70.47,17.1,66.3,71.43,11.46,14.22,287,1,19.3,17740.56,1,41.9
MCH-133,Conveyor,2016,9,1295.9,71.62,11.8,32.2,73.51,6.45,8.13,42,3,52.9,42587.12,0,169.9
MCH-134,Hydraulic Press,2018,7,1348.4,47.1,14.2,70.8,63.12,4.59,17.57,68,2,22.8,25865.05,0,189.1
MCH-135,Conveyor,2016,9,2308.0,53.78,18.5,48.6,69.37,4.71,20.88,69,2,37.8,37090.86,0,312.2
MCH-136,CNC Mill,2010,15,1640.5,89.61,8.4,74.7,67.4,7.48,13.44,26,0,9.5,2654.27,0,155.4
MCH-137,Lathe,2020,5,909.7,41.67,14.0,48.2,59.43,10.43,27.22,333,1,24.3,18878.2,1,58.4
MCH-138,Hydraulic Press,2019,6,502.5,66.63,6.8,52.5,73.42,4.61,10.1,165,2,36.7,28637.28,0,67.9
MCH-139,CNC Mill,2016,9,1483.6,65.66,13.9,27.4,71.89,4.29,11.69,54,0,3.8,1043.03,0,204.6
MCH-140,Conveyor,2021,4,544.5,57.2,10.6,44.9,64.73,4.87,24.08,268,1,19.6,14709.73,0,70.5
MCH-141,Hydraulic Press,2015,10,2235.4,59.41,19.5,44.6,72.25,3.72,6.26,339,3,38.7,27519.9,0,202.9
MCH-142,Conveyor,2019,6,811.1,42.49,11.1,49.3,59.64,3.89,6.28,190,2,29.7,29846.31,0,109.8
MCH-143,Lathe,2018,7,1138.0,45.32,14.6,79.1,68.36,8.01,14.33,290,1,22.8,18071.76,1,95.4
MCH-144,Hydraulic Press,2008,17,1599.8,66.06,7.9,52.4,73.88,5.77,16.42,268,1,19.7,16419.56,1,61.1
MCH-145,Lathe,2017,8,1180.9,69.28,10.7,31.0,66.64,3.58,22.72,13,1,14.7,13462.26,0,169.6
MCH-146,Welding Unit,2017,8,1443.7,83.06,12.6,50.4,78.65,5.72,24.4,31,2,37.6,40681.21,0,198.8
MCH-147,Conveyor,2010,15,3036.3,71.49,17.5,23.4,71.34,4.7,22.51,230,2,34.4,26136.61,1,214.4
MCH-148,Welding Unit,2022,3,524.3,80.01,12.6,46.3,80.39,3.54,22.64,292,1,29.8,23281.02,0,71.1
MCH-149,CNC Mill,2022,3,515.3,77.17,13.5,57.7,75.89,4.13,26.69,359,1,20.3,14923.94,0,64.5
MCH-150,Welding Unit,2012,13,2910.4,77.96,16.8,43.6,72.3,6.96,17.23,291,2,31.5,35628.75,1,142.4
MCH-151,Conveyor,2021,4,586.9,48.06,10.8,76.9,68.55,6.21,6.05,45,1,30.3,20478.53,0,83.9
MCH-152,Welding Unit,2012,13,3300.6,47.55,19.1,51.1,70.79,4.52,20.39,129,0,5.3,1143.46,0,365.3
MCH-153,Hydraulic Press,2013,12,2117.4,82.39,16.0,48.5,78.13,3.96,5.13,85,3,66.1,55391.17,0,268.2
MCH-154,Welding Unit,2013,12,1304.5,82.28,10.0,26.3,76.3,4.25,21.31,24,1,23.5,19295.42,0,173.0
MCH-155,Conveyor,2020,5,916.3,92.92,12.9,71.4,78.36,5.69,28.15,9,1,18.7,20166.33,0,132.0
MCH-156,Hydraulic Press,2016,9,1650.3,86.81,12.9,23.5,71.95,10.35,16.7,62,2,26.1,21823.24,0,168.8
MCH-157,CNC Mill,2020,5,667.1,50.62,10.1,54.7,60.16,2.76,20.27,212,1,17.6,16188.2,0,93.0
MCH-158,CNC Mill,2015,10,1216.8,54.34,10.5,62.8,72.09,6.15,10.89,173,2,41.5,28007.49,0,130.4
MCH-159,CNC Mill,2008,17,3229.2,48.78,15.3,74.6,67.75,5.76,22.15,365,2,45.9,43053.79,1,72.6
MCH-160,CNC Mill,2011,14,3385.2,65.02,19.4,36.2,69.44,3.13,29.72,364,4,101.6,97564.19,1,202.5
MCH-161,Conveyor,2018,7,1622.8,44.5,16.6,59.3,63.73,3.42,16.17,44,2,28.1,35381.94,0,233.4
MCH-162,Welding Unit,2010,15,1729.9,64.3,8.3,60.2,74.17,4.23,22.01,255,0,4.5,1078.12,1,119.2
MCH-163,Lathe,2015,10,1775.1,77.0,13.9,11.5,68.97,3.94,12.7,135,0,5.8,1759.48,0,227.4
MCH-164,Welding Unit,2016,9,2543.1,43.8,19.9,12.2,65.2,3.58,28.34,214,1,28.7,26084.37,0,313.4
MCH-165,Welding Unit,2013,12,2889.5,87.83,19.9,36.3,72.24,4.94,27.67,354,4,49.6,49438.89,1,172.6
MCH-166,Hydraulic Press,2016,9,1008.6,85.92,7.8,78.5,77.0,3.66,23.9,242,3,59.4,40473.93,0,119.2
MCH-167,Lathe,2011,14,3583.8,46.21,19.1,39.3,61.51,4.92,25.24,13,1,12.5,10077.46,0,440.8
MCH-168,Hydraulic Press,2011,14,2795.4,52.89,16.4,70.5,58.63,2.55,10.43,33,1,19.5,21337.24,0,369.8
MCH-169,CNC Mill,2017,8,1521.0,57.64,14.4,20.0,63.7,4.11,12.54,343,2,26.5,24059.89,0,152.8
MCH-170,Conveyor,2018,7,1384.4,42.58,15.5,55.0,64.33,8.09,13.61,200,2,31.0,22685.43,0,144.7
MCH-171,CNC Mill,2015,10,1081.2,87.16,9.4,42.4,80.44,4.2,8.61,34,3,78.9,40551.24,0,148.5
MCH-172,CNC Mill,2013,12,2564.4,86.59,15.1,60.7,75.88,3.0,7.31,102,0,6.7,3095.98,0,331.5
MCH-173,Lathe,2020,5,1118.9,70.74,16.7,70.9,71.13,3.99,16.98,175,1,24.4,26294.01,0,155.2
MCH-174,Hydraulic Press,2019,6,1496.0,53.34,20.0,24.3,67.62,3.22,20.11,127,2,29.8,31084.58,0,212.0
MCH-175,CNC Mill,2012,13,2002.3,65.63,11.0,60.6,72.29,8.27,25.07,168,1,18.4,15526.68,1,132.8
MCH-176,Hydraulic Press,2008,17,2341.6,71.85,9.7,20.7,71.01,5.26,15.44,173,1,22.8,19030.53,1,150.5
MCH-177,Lathe,2012,13,2714.5,79.8,16.7,42.3,77.39,3.82,23.49,185,1,15.8,14216.07,0,284.2
MCH-178,Conveyor,2016,9,811.1,91.99,6.5,63.5,78.72,4.5,21.71,216,1,24.6,17059.16,0,94.9
MCH-179,Hydraulic Press,2015,10,1455.4,76.67,11.2,43.8,73.49,3.29,20.41,254,0,5.5,1973.54,0,164.8
MCH-180,Hydraulic Press,2016,9,1899.1,84.72,19.7,66.4,75.54,5.47,21.85,96,0,5.2,2006.86,0,245.5
MCH-181,Lathe,2021,4,601.4,44.35,11.0,42.1,70.56,6.58,28.98,129,0,8.3,4129.27,0,82.3
MCH-182,Lathe,2009,16,2261.4,66.18,11.7,59.2,80.62,3.3,20.92,47,3,73.6,61237.55,0,266.8
MCH-183,Conveyor,2022,3,434.5,51.63,13.4,72.1,69.85,4.82,26.7,248,1,9.5,18718.89,0,58.7
MCH-184,Conveyor,2018,7,645.1,57.3,6.5,51.1,78.14,3.24,29.04,208,0,5.6,2547.06,0,85.9
MCH-185,Conveyor,2013,12,1841.1,83.48,11.4,15.5,70.85,3.53,22.23,182,0,2.3,877.57,0,209.3
MCH-186,Welding Unit,2017,8,1260.9,41.63,11.6,79.5,51.87,3.63,11.83,256,0,9.4,3796.74,0,152.7
MCH-187,Lathe,2009,16,3163.5,53.55,16.8,28.8,62.27,4.76,6.84,199,5,108.2,77829.43,1,222.3
MCH-188,Conveyor,2008,17,4026.7,81.87,19.2,16.1,76.27,9.49,7.56,225,3,57.5,31144.71,1,87.8
MCH-189,CNC Mill,2009,16,3140.0,87.5,14.4,39.0,81.0,3.56,5.31,48,5,125.6,120580.12,0,364.3
MCH-190,CNC Mill,2018,7,883.8,56.56,11.3,14.4,62.48,5.46,17.33,227,1,20.0,11279.41,0,105.2
MCH-191,Welding Unit,2019,6,1145.8,50.76,14.8,31.3,58.63,9.32,7.67,207,1,26.1,22288.93,0,113.4
MCH-192,Welding Unit,2021,4,918.5,72.69,17.5,52.2,77.7,3.71,12.51,360,0,1.8,532.33,0,113.1
MCH-193,Welding Unit,2017,8,1606.8,55.42,16.9,35.6,58.06,7.7,24.65,293,0,5.5,2007.66,1,126.1
MCH-194,Welding Unit,2019,6,730.4,85.72,8.9,69.3,77.09,5.01,6.73,214,2,39.3,30466.06,0,93.5
MCH-195,Conveyor,2020,5,698.0,72.89,11.3,47.4,59.61,3.13,19.56,359,1,25.1,20358.42,0,85.2
MCH-196,Hydraulic Press,2017,8,1307.5,82.29,14.9,34.9,74.14,4.38,21.44,336,2,27.3,32282.31,0,130.3
MCH-197,Conveyor,2020,5,641.2,54.23,12.0,46.3,67.57,5.06,17.77,302,0,3.9,1468.65,0,76.4
MCH-198,Welding Unit,2010,15,1739.8,45.75,10.8,77.3,71.31,5.08,15.4,64,5,55.2,62232.35,0,186.5
MCH-199,CNC Mill,2013,12,1876.3,78.32,12.7,31.0,71.93,2.36,12.97,63,0,6.5,1620.49,0,255.1
MCH-200,CNC Mill,2016,9,850.9,70.79,8.4,26.2,64.39,5.55,28.96,212,1,17.7,16411.36,0,93.7
MCH-201,Lathe,2015,10,1733.8,78.76,14.3,62.7,78.93,8.3,10.14,37,0,5.4,1399.26,0,203.2
MCH-202,Hydraulic Press,2012,13,2503.9,93.13,15.4,37.2,73.8,3.97,12.84,205,4,43.3,49215.56,0,247.7
MCH-203,Welding Unit,2022,3,480.4,47.37,14.6,31.4,65.42,10.17,7.95,98,1,24.9,15192.26,0,61.8
MCH-204,Lathe,2014,11,1235.7,78.14,8.6,80.0,74.02,8.34,21.13,289,1,17.7,14080.62,1,62.8
MCH-205,CNC Mill,2021,4,470.0,47.51,11.0,77.5,65.1,7.11,25.38,263,1,19.9,18731.22,0,55.2
MCH-206,Conveyor,2009,16,3040.6,52.13,13.9,25.7,70.77,4.79,5.82,152,1,26.9,22102.66,0,249.4
MCH-207,CNC Mill,2009,16,2612.8,69.87,14.0,47.9,74.19,7.75,29.77,26,5,79.7,79795.22,1,221.4
MCH-208,Conveyor,2012,13,2547.8,54.45,18.2,16.1,64.17,3.91,26.55,65,1,18.9,20553.48,0,319.9
MCH-209,Hydraulic Press,2018,7,1091.0,83.17,12.0,66.4,66.3,7.99,25.34,296,1,23.0,18038.87,0,90.0
MCH-210,CNC Mill,2012,13,2596.6,68.29,14.0,67.1,69.14,5.97,27.5,74,3,80.8,60247.2,0,286.6
MCH-211,Lathe,2011,14,1329.5,53.62,8.0,37.5,73.6,4.62,26.09,77,4,81.3,53108.74,0,151.8
MCH-212,Hydraulic Press,2014,11,1699.4,91.5,13.2,76.5,85.59,2.58,14.23,172,0,8.5,4178.98,0,214.5
MCH-213,Welding Unit,2021,4,349.9,51.98,6.9,24.8,57.08,4.38,15.74,142,1,25.5,20210.32,0,49.6
MCH-214,Welding Unit,2020,5,715.0,42.66,10.8,64.9,64.72,4.42,7.49,240,0,8.6,1721.74,0,93.9
MCH-215,CNC Mill,2011,14,3929.2,88.52,19.9,71.2,66.22,4.32,12.55,145,0,2.5,1177.85,0,403.2
MCH-216,Welding Unit,2008,17,2308.3,78.47,11.5,55.9,67.02,5.86,10.85,365,0,4.8,1285.71,1,50.7
MCH-217,Hydraulic Press,2008,17,1239.4,46.63,6.1,58.6,65.82,3.08,26.51,249,0,0.9,207.86,1,82.5
MCH-218,Hydraulic Press,2022,3,370.3,84.74,10.2,54.9,72.85,2.93,26.86,351,0,5.6,1395.72,0,48.9
MCH-219,Hydraulic Press,2019,6,728.5,90.59,9.0,41.0,76.86,6.57,20.4,116,0,1.4,586.6,0,96.5
MCH-220,Hydraulic Press,2014,11,1278.7,55.23,10.4,48.7,61.64,5.48,7.11,312,2,49.4,46595.41,1,92.9
MCH-221,Lathe,2011,14,2325.4,81.13,13.2,13.8,70.26,3.58,12.39,127,3,46.1,44344.57,0,261.2
MCH-222,Lathe,2013,12,2555.0,87.34,19.1,35.6,69.03,4.15,19.21,354,1,30.5,18956.38,1,172.3
MCH-223,Conveyor,2008,17,1780.5,43.33,9.7,45.5,63.29,1.8,24.73,326,5,86.7,79574.48,1,106.4
MCH-224,Lathe,2016,9,1537.5,57.04,14.6,24.2,66.6,4.56,17.78,84,2,35.6,41084.2,0,206.7
MCH-225,CNC Mill,2012,13,2756.7,86.56,15.8,16.0,78.54,7.26,6.45,227,0,6.1,2577.3,1,169.2
MCH-226,Lathe,2009,16,1107.8,40.62,6.2,34.3,66.44,3.5,17.41,269,5,65.8,92890.92,1,71.9
MCH-227,CNC Mill,2020,5,1108.5,63.61,18.6,28.4,65.4,5.65,18.1,300,0,5.1,2334.82,0,128.1
MCH-228,Welding Unit,2013,12,1336.9,89.18,8.2,18.1,74.02,2.74,21.85,265,0,8.6,2937.15,0,137.7
MCH-229,Lathe,2022,3,344.7,87.16,8.1,74.0,88.02,3.96,18.82,340,1,14.3,18391.07,0,44.4
MCH-230,Hydraulic Press,2017,8,1124.9,89.61,11.2,66.3,73.75,1.86,9.48,28,1,13.8,14080.73,0,163.6
MCH-231,CNC Mill,2009,16,2340.2,51.04,13.7,31.3,69.57,3.02,19.1,323,1,21.8,19346.5,1,131.6
MCH-232,Lathe,2019,6,1510.8,53.48,18.6,38.7,66.19,6.6,5.16,124,2,36.2,45111.73,0,198.5
MCH-233,Lathe,2020,5,1054.4,80.0,15.2,47.1,69.14,4.63,7.6,126,1,17.0,21999.02,0,147.9
MCH-234,Conveyor,2008,17,4516.6,68.59,18.9,36.1,78.2,1.68,22.52,48,4,39.8,61651.99,0,556.2
MCH-235,CNC Mill,2008,17,2944.0,53.02,12.1,32.1,61.85,3.12,11.52,206,5,114.0,78427.4,0,227.1
MCH-236,Hydraulic Press,2010,15,3262.3,48.55,16.9,42.6,61.33,2.91,9.11,213,0,9.6,2807.93,0,301.9
MCH-237,Hydraulic Press,2021,4,346.3,77.73,7.7,58.8,81.75,6.38,25.66,25,0,3.3,905.74,0,49.7
MCH-238,CNC Mill,2014,11,1919.6,54.31,13.2,12.2,66.25,8.1,29.77,212,3,57.9,31191.89,1,138.4
MCH-239,Lathe,2009,16,1369.3,94.04,6.2,67.7,90.08,6.72,8.27,195,5,100.0,81880.81,1,71.8
MCH-240,Welding Unit,2008,17,3875.2,75.53,20.0,16.4,70.46,8.44,25.23,174,0,4.6,1711.96,1,140.6
MCH-241,Hydraulic Press,2015,10,847.6,49.5,6.4,23.1,62.91,3.43,10.37,148,3,69.4,52572.54,0,109.3
MCH-242,Hydraulic Press,2015,10,1503.3,43.35,11.8,19.6,69.98,2.65,11.99,107,1,26.7,26213.59,0,205.0
MCH-243,Lathe,2015,10,1698.5,90.2,13.6,37.2,67.49,6.53,17.56,97,0,2.2,953.84,0,201.7
MCH-244,Lathe,2020,5,1259.5,82.18,19.9,78.2,74.79,4.72,29.99,56,0,2.7,1282.98,0,181.0
MCH-245,Conveyor,2020,5,1142.3,86.56,19.9,34.8,74.16,4.07,24.93,93,0,3.2,984.43,0,163.6
MCH-246,CNC Mill,2008,17,3218.6,71.22,15.8,76.4,69.08,3.49,8.55,257,4,57.9,39230.96,1,194.8
MCH-247,Lathe,2008,17,2425.7,90.48,13.4,19.1,75.23,3.8,10.04,95,2,19.5,28822.59,0,237.9
MCH-248,Welding Unit,2021,4,645.0,43.99,13.4,56.3,59.05,3.6,22.61,305,0,3.2,1343.06,0,84.5
MCH-249,Hydraulic Press,2020,5,931.1,57.45,14.9,49.3,54.72,5.89,22.68,319,1,17.7,11922.75,0,102.5
MCH-250,Conveyor,2010,15,1358.2,78.61,8.5,69.6,75.53,4.33,19.32,295,0,3.2,1226.93,1,78.7
MCH-251,Hydraulic Press,2009,16,3416.8,80.99,19.1,78.8,75.48,5.0,10.95,90,5,116.1,105928.24,0,325.7
MCH-252,Welding Unit,2015,10,709.5,78.12,6.2,65.1,69.82,3.62,13.76,5,0,7.3,3397.17,0,100.0
MCH-253,Hydraulic Press,2022,3,431.3,45.58,11.3,70.5,66.32,4.87,16.99,338,0,0.7,201.93,0,53.5
MCH-254,Welding Unit,2012,13,2741.8,49.36,19.3,61.2,75.02,8.57,14.39,285,0,9.9,4072.38,1,101.6
MCH-255,Hydraulic Press,2018,7,815.1,48.64,8.3,24.4,69.26,3.3,7.53,102,1,27.1,19876.34,0,115.1
MCH-256,CNC Mill,2012,13,1309.9,71.45,9.3,20.8,68.61,3.0,26.0,189,0,2.9,1102.19,0,144.8
MCH-257,Welding Unit,2009,16,1156.6,56.05,6.4,69.1,68.21,1.5,7.05,162,3,57.0,45326.05,0,126.7
MCH-258,Lathe,2010,15,2032.1,50.26,11.2,40.8,62.78,3.96,6.12,139,1,27.9,17920.77,0,203.9
MCH-259,Welding Unit,2009,16,3380.3,62.77,15.4,25.9,61.21,6.17,23.91,36,3,69.9,63224.2,0,329.0
MCH-260,Lathe,2017,8,1823.6,44.34,18.3,60.0,57.61,4.99,27.57,262,2,54.6,44630.77,0,201.5
MCH-261,CNC Mill,2020,5,876.6,49.19,12.3,23.5,78.68,2.35,10.3,26,1,16.2,14256.85,0,129.0
MCH-262,Lathe,2021,4,678.5,79.99,14.3,16.1,73.25,3.81,25.18,289,1,26.0,22550.74,0,89.4
MCH-263,Conveyor,2020,5,1017.5,82.99,15.8,20.5,71.89,6.07,7.81,295,0,5.6,1600.64,0,115.4
MCH-264,Lathe,2022,3,395.5,61.07,10.8,52.6,73.85,6.1,17.14,24,0,1.4,571.34,0,57.4
MCH-265,Lathe,2014,11,2422.9,53.07,18.5,74.5,62.3,11.86,23.64,195,0,7.9,3577.55,1,100.4
MCH-266,Conveyor,2021,4,433.8,80.9,9.2,32.5,65.42,2.97,24.35,218,0,2.1,886.8,0,60.9
MCH-267,CNC Mill,2021,4,486.5,83.53,11.2,59.7,75.91,4.64,6.64,211,0,5.2,1311.03,0,66.3
MCH-268,Hydraulic Press,2021,4,293.0,42.78,6.8,23.9,65.27,8.43,14.01,193,1,22.9,11028.7,0,35.3
MCH-269,CNC Mill,2015,10,1618.9,87.88,14.3,34.5,75.76,4.69,19.67,88,2,48.4,30994.32,0,210.9
MCH-270,Welding Unit,2021,4,801.6,87.14,14.0,57.4,73.17,5.67,21.18,142,1,25.4,24949.75,0,111.1
MCH-271,Welding Unit,2022,3,267.9,84.05,7.9,52.6,73.62,3.94,10.59,161,1,19.0,13723.48,0,38.3
MCH-272,Welding Unit,2012,13,2776.7,61.84,15.5,45.8,71.27,6.78,7.56,344,2,41.0,32271.82,1,108.7
MCH-273,Conveyor,2009,16,2002.5,57.88,10.7,55.9,56.32,5.18,11.92,338,2,27.6,20796.14,1,70.0
MCH-274,CNC Mill,2014,11,2212.7,79.67,15.2,79.8,72.55,6.55,21.39,137,3,52.0,58408.87,0,232.5
MCH-275,CNC Mill,2013,12,2233.9,69.4,16.2,73.5,69.57,7.54,24.62,348,2,41.7,46117.72,1,85.9
MCH-276,Welding Unit,2012,13,1070.9,54.23,7.4,63.4,62.89,1.84,25.21,98,2,40.5,33154.46,0,140.8
MCH-277,Conveyor,2020,5,1109.4,72.21,18.4,18.2,76.92,3.2,16.59,32,0,1.9,768.0,0,162.4
MCH-278,Hydraulic Press,2012,13,2141.0,48.29,11.8,34.0,56.59,4.51,29.81,296,3,39.9,29358.02,1,152.0
MCH-279,Conveyor,2018,7,1640.7,43.19,19.8,24.7,61.76,6.23,16.3,91,2,46.9,35890.13,0,218.6
MCH-280,Lathe,2014,11,1996.2,93.09,14.9,12.6,82.39,4.66,14.58,107,2,57.2,45689.49,0,247.4
MCH-281,Hydraulic Press,2018,7,573.7,52.44,6.1,31.8,61.31,5.03,26.92,57,1,19.6,9841.69,0,80.3
MCH-282,Welding Unit,2015,10,2092.0,58.58,16.2,79.7,68.4,5.63,27.2,180,3,44.2,64457.93,0,229.8
MCH-283,Hydraulic Press,2008,17,2097.4,47.22,9.2,51.3,59.79,3.82,23.35,91,0,6.5,3009.26,0,207.3
MCH-284,Welding Unit,2020,5,731.1,94.71,13.5,55.7,80.96,7.38,21.55,15,0,4.2,1529.58,0,102.8
MCH-285,Lathe,2019,6,645.8,74.67,8.1,56.3,77.23,4.63,12.53,344,2,31.2,26758.18,0,70.3
MCH-286,CNC Mill,2016,9,1607.4,46.27,16.1,23.9,61.44,5.27,7.66,107,2,54.0,34596.49,0,207.2
MCH-287,Lathe,2008,17,3285.5,77.85,13.7,26.4,67.9,3.23,17.02,11,5,48.7,70666.5,0,392.4
MCH-288,Hydraulic Press,2020,5,884.2,45.57,13.2,26.2,71.22,5.26,11.4,156,1,16.9,10327.0,0,120.5
MCH-289,Welding Unit,2013,12,2442.7,80.62,17.2,63.1,72.45,6.24,7.37,28,0,6.6,2027.9,0,298.1
MCH-290,CNC Mill,2017,8,1053.1,60.49,9.8,18.0,74.58,3.75,13.57,209,1,16.5,20766.22,0,134.0
MCH-291,Hydraulic Press,2009,16,1694.7,93.99,7.9,17.3,76.06,3.59,26.11,307,3,71.7,42946.26,1,92.8
MCH-292,Lathe,2017,8,678.3,86.12,6.4,19.1,80.66,6.62,29.34,254,0,4.4,1744.57,0,66.8
MCH-293,CNC Mill,2019,6,1380.4,80.9,18.2,25.7,81.2,6.71,23.09,347,1,23.7,18999.94,0,123.9
MCH-294,Welding Unit,2015,10,1427.5,61.17,10.8,49.1,64.48,2.72,25.98,318,0,9.3,3169.32,0,149.5
MCH-295,Welding Unit,2021,4,448.3,57.63,8.3,29.5,58.4,8.15,13.27,264,0,3.8,849.87,0,49.1
MCH-296,Lathe,2020,5,768.6,67.42,14.0,78.6,73.5,4.38,12.9,339,0,4.1,820.21,0,90.2
MCH-297,Welding Unit,2020,5,942.5,56.75,14.5,24.5,68.42,2.86,17.71,348,1,27.8,12961.89,0,118.1
MCH-298,Hydraulic Press,2013,12,2153.2,66.02,13.8,60.1,82.03,4.72,21.43,63,0,2.2,987.72,0,270.5
MCH-299,CNC Mill,2016,9,1593.8,42.52,13.3,19.8,63.3,5.99,9.1,214,0,2.0,911.32,0,169.2
MCH-300,CNC Mill,2015,10,1989.8,58.59,17.5,13.3,69.98,4.9,23.93,329,0,4.5,2190.86,1,162.7
MCH-301,Conveyor,2015,10,820.1,70.43,6.1,51.0,72.38,2.84,15.82,265,1,21.5,18120.36,0,93.9
MCH-302,CNC Mill,2017,8,1849.2,61.16,18.4,74.1,61.64,9.53,29.49,132,1,18.2,15975.93,0,185.8
MCH-303,CNC Mill,2014,11,2220.2,68.18,14.4,48.3,71.37,4.66,26.08,165,1,17.7,13279.3,0,253.7
MCH-304,Conveyor,2019,6,1294.6,67.71,15.1,32.6,69.86,6.13,22.36,64,1,23.4,24091.8,0,179.3
MCH-305,Hydraulic Press,2012,13,2914.7,40.7,18.3,36.7,74.9,5.53,7.66,32,0,7.5,2144.88,0,352.8
MCH-306,Conveyor,2010,15,3543.5,56.23,17.8,12.3,63.93,4.25,23.84,236,0,6.8,1817.59,1,260.7
MCH-307,Lathe,2014,11,1394.1,83.94,9.3,56.5,70.12,2.31,12.19,200,3,53.1,61560.19,0,172.5
MCH-308,Conveyor,2008,17,3183.3,87.79,16.4,41.0,80.45,4.62,26.51,120,5,106.4,101483.34,0,268.0
MCH-309,Hydraulic Press,2011,14,3386.3,56.18,16.9,57.8,73.2,3.23,9.44,100,1,21.7,11563.36,0,405.1
MCH-310,Hydraulic Press,2010,15,1725.9,40.31,8.3,75.6,54.58,4.04,16.66,25,1,29.8,24287.39,0,210.2
MCH-311,Hydraulic Press,2015,10,2178.1,44.01,17.1,46.8,57.58,4.22,22.69,99,0,1.6,513.64,0,285.6
MCH-312,Lathe,2011,14,3392.0,58.21,18.4,76.5,67.43,2.64,12.34,321,4,69.9,77681.17,0,256.3
MCH-313,Hydraulic Press,2018,7,873.9,75.32,10.8,27.1,71.44,5.92,27.97,25,2,49.9,37601.34,0,122.1
MCH-314,Lathe,2016,9,1556.2,68.43,16.1,46.0,79.77,7.03,24.26,265,3,51.8,49883.51,0,131.6
MCH-315,Conveyor,2009,16,1896.6,69.59,8.3,14.6,65.79,5.51,5.18,348,5,114.4,72657.24,1,58.7
MCH-316,CNC Mill,2021,4,907.4,82.64,15.8,75.8,70.8,4.2,21.16,356,0,7.2,1598.22,0,109.6
MCH-317,Conveyor,2020,5,518.4,85.19,9.5,38.5,75.56,4.77,27.77,235,1,15.5,17319.97,0,67.5
MCH-318,Welding Unit,2009,16,3418.9,78.55,16.6,75.0,70.18,4.76,6.81,59,2,45.8,31404.97,0,357.4
MCH-319,Hydraulic Press,2014,11,1664.5,66.07,11.5,19.5,65.91,5.87,18.34,205,2,50.1,47305.74,0,159.2
MCH-320,Hydraulic Press,2008,17,2970.9,46.78,13.7,51.8,63.46,4.77,5.13,280,4,99.4,96755.62,1,129.7
MCH-321,Conveyor,2011,14,2164.4,68.19,11.8,25.5,83.31,2.88,9.02,134,1,16.7,14285.41,0,251.3
MCH-322,Hydraulic Press,2015,10,1638.6,76.94,15.0,23.8,80.02,1.55,11.27,302,3,76.1,55713.25,0,191.4
MCH-323,CNC Mill,2017,8,637.4,66.72,7.0,56.2,59.62,2.73,13.21,360,2,26.9,39270.37,0,69.1
MCH-324,Hydraulic Press,2008,17,2410.3,79.17,10.4,29.4,67.86,4.86,21.02,189,1,22.9,17439.15,1,154.7
MCH-325,Lathe,2015,10,1550.0,73.36,13.7,70.1,73.46,4.05,26.04,76,1,21.3,10506.43,0,208.0
MCH-326,Hydraulic Press,2021,4,564.1,72.0,13.1,51.3,70.85,5.54,15.13,23,1,27.2,21486.65,0,81.7
MCH-327,Conveyor,2014,11,1359.5,80.33,9.1,42.5,78.27,2.64,12.27,266,0,5.0,2271.97,0,149.5
MCH-328,Welding Unit,2018,7,732.1,64.54,8.3,76.4,67.55,4.36,9.48,342,0,4.8,1275.1,0,77.0
MCH-329,Hydraulic Press,2011,14,1164.1,42.35,6.9,73.5,65.13,3.29,10.17,189,3,52.5,42337.41,0,118.4
MCH-330,Lathe,2009,16,3212.6,85.63,15.9,28.4,75.24,4.54,25.87,283,4,50.4,54570.32,1,166.0
MCH-331,Welding Unit,2016,9,1226.4,52.26,9.5,67.2,62.16,3.35,15.15,181,3,73.3,49253.86,0,158.2
MCH-332,Lathe,2010,15,1739.1,55.44,9.2,21.0,67.13,4.25,8.76,313,5,116.1,80452.41,1,94.5
MCH-333,Conveyor,2015,10,1932.4,72.49,15.5,38.8,74.25,2.94,21.18,129,0,5.9,2087.38,0,257.5
MCH-334,Lathe,2010,15,1186.0,49.9,6.8,52.0,63.22,4.09,28.96,293,5,48.8,71997.03,1,72.0
MCH-335,Hydraulic Press,2011,14,2483.2,87.7,12.3,68.1,80.38,3.08,9.26,312,1,29.7,18636.31,0,182.5
MCH-336,Welding Unit,2010,15,2885.6,64.94,16.1,26.1,67.68,7.13,19.76,202,1,11.9,17776.48,1,156.0
MCH-337,Lathe,2021,4,356.8,66.17,8.1,12.7,64.45,5.73,20.37,277,0,6.6,2387.79,0,44.2
MCH-338,Conveyor,2022,3,757.8,63.73,19.1,71.2,72.08,3.96,15.52,362,1,19.9,19151.54,0,95.3
MCH-339,Hydraulic Press,2020,5,1110.4,78.32,16.4,19.4,75.13,2.72,7.44,249,0,0.8,290.5,0,151.9
MCH-340,Conveyor,2011,14,1150.6,40.39,6.1,46.4,66.74,4.16,18.06,197,1,22.9,14266.03,0,105.8
MCH-341,Conveyor,2012,13,1599.5,71.06,9.7,79.4,68.7,6.82,20.3,208,1,22.9,16948.04,1,112.8
MCH-342,CNC Mill,2015,10,1133.9,58.94,9.6,61.5,64.16,2.55,22.64,342,0,4.5,1118.42,0,114.4
MCH-343,Conveyor,2016,9,1245.8,70.28,11.6,59.5,63.3,5.71,22.43,87,3,73.2,35564.07,0,161.0
MCH-344,Welding Unit,2014,11,922.4,60.4,7.2,60.7,61.72,9.04,20.23,210,2,46.2,49522.69,1,58.4
MCH-345,CNC Mill,2015,10,846.7,91.19,6.1,23.6,66.95,8.83,17.95,311,1,25.2,18589.34,1,40.9
MCH-346,Conveyor,2009,16,4355.3,59.42,20.0,51.0,68.88,4.31,14.88,270,0,0.7,199.74,1,247.8
MCH-347,Lathe,2022,3,509.8,84.85,14.2,77.4,72.73,5.26,10.66,237,1,20.4,13802.91,0,68.5
MCH-348,Hydraulic Press,2016,9,1295.0,84.16,10.1,71.3,75.06,6.97,28.92,299,2,49.3,42511.19,1,99.1
MCH-349,Hydraulic Press,2020,5,768.6,72.28,12.4,18.1,70.01,7.68,5.68,39,1,28.7,19488.83,0,106.2
MCH-350,Welding Unit,2014,11,2690.9,40.53,19.4,27.4,72.94,5.86,25.8,52,3,66.6,49210.16,0,336.8
MCH-351,CNC Mill,2013,12,1837.2,54.8,10.9,57.8,63.33,3.79,28.68,102,3,63.9,40129.52,0,230.1
MCH-352,Welding Unit,2011,14,3426.0,59.58,17.7,18.4,61.43,4.67,24.47,45,3,62.9,44621.72,0,409.3
MCH-353,Conveyor,2013,12,2208.1,94.19,14.7,70.8,70.11,5.59,27.42,256,1,33.9,16841.35,1,172.7
MCH-354,Hydraulic Press,2010,15,1395.8,66.31,6.8,45.2,75.04,5.41,18.52,206,5,110.5,70296.91,1,97.3
MCH-355,Hydraulic Press,2019,6,483.4,60.87,6.1,35.3,69.54,6.64,7.52,137,0,2.4,921.42,0,62.7
MCH-356,Lathe,2010,15,2232.0,78.54,13.0,69.8,81.89,6.72,14.31,148,3,34.5,41542.45,1,159.5
MCH-357,Conveyor,2019,6,678.7,63.77,9.8,20.2,59.93,2.69,14.52,81,1,23.5,21714.69,0,98.2
MCH-358,Lathe,2016,9,1975.2,56.5,16.1,49.7,63.83,4.53,19.05,208,0,0.6,205.78,0,233.5
MCH-359,Conveyor,2015,10,1907.9,59.82,16.4,66.7,70.53,3.35,18.94,181,0,3.5,1335.85,0,238.4
MCH-360,Welding Unit,2017,8,1533.3,93.87,15.1,32.8,79.09,3.31,12.12,266,1,25.6,15617.01,0,186.2
MCH-361,Hydraulic Press,2018,7,1894.0,75.23,19.4,39.5,69.51,2.55,28.21,318,2,38.8,23342.04,0,232.3
MCH-362,CNC Mill,2013,12,2418.5,73.3,15.1,72.1,67.37,2.61,14.89,190,4,71.9,59498.07,0,287.0
MCH-363,Welding Unit,2019,6,647.4,80.91,9.3,24.7,69.39,6.83,23.74,208,0,9.4,2031.79,0,76.6
MCH-364,Conveyor,2016,9,1647.6,54.43,16.7,55.8,61.58,12.84,8.88,204,2,31.2,26286.42,1,72.8
MCH-365,Conveyor,2021,4,362.2,59.63,8.4,70.5,70.36,4.83,27.88,244,1,18.7,21250.26,0,48.0
MCH-366,Hydraulic Press,2017,8,1338.5,88.25,12.4,54.8,72.18,5.93,15.87,278,1,28.3,13691.6,0,132.7
MCH-367,Welding Unit,2013,12,1591.3,40.58,11.8,63.1,59.3,4.71,18.08,74,2,31.1,34565.12,0,197.5
MCH-368,Welding Unit,2012,13,974.0,56.11,6.1,10.5,79.63,4.31,10.78,196,1,20.6,14076.53,0,95.4
MCH-369,Lathe,2021,4,526.4,63.22,11.3,63.5,74.71,3.38,10.99,318,1,20.3,19662.67,0,68.7
MCH-370,Lathe,2010,15,1311.3,65.04,7.9,59.0,69.34,9.1,16.32,256,1,15.0,17796.75,1,36.8
MCH-371,Welding Unit,2012,13,1702.7,79.99,9.8,20.5,70.86,9.25,10.82,257,1,16.9,21434.3,1,63.6
MCH-372,Welding Unit,2019,6,1221.1,86.4,17.1,13.9,79.46,3.58,28.79,205,0,1.8,495.04,0,165.0
MCH-373,CNC Mill,2021,4,355.9,79.31,6.2,78.2,76.96,6.61,14.62,131,0,7.4,2958.54,0,48.6
MCH-374,CNC Mill,2015,10,1630.3,91.49,11.4,61.0,80.56,2.39,8.97,286,0,6.4,2984.04,0,185.5
MCH-375,Conveyor,2009,16,1829.7,40.83,9.3,50.9,58.61,4.06,24.86,207,1,8.6,15780.95,1,137.6
MCH-376,CNC Mill,2010,15,1845.7,48.67,11.2,53.3,58.0,4.09,7.29,325,0,6.4,2799.62,1,97.8
MCH-377,Lathe,2015,10,1337.2,83.37,9.3,66.4,80.33,4.7,23.92,229,1,12.1,15574.02,0,143.4
MCH-378,Conveyor,2015,10,2030.6,69.85,15.9,49.7,75.04,5.74,17.25,283,2,31.7,39386.68,1,172.9
MCH-379,Hydraulic Press,2010,15,1179.7,56.26,7.0,35.7,71.05,5.39,11.58,5,5,90.3,103995.23,0,137.2
MCH-380,Hydraulic Press,2020,5,872.1,43.48,14.7,67.3,62.69,2.31,29.18,102,1,22.6,15129.77,0,126.8
MCH-381,Welding Unit,2009,16,1536.0,42.41,7.3,22.5,64.87,4.87,28.44,21,1,11.7,9910.72,0,171.3
MCH-382,Lathe,2018,7,1175.5,72.47,12.9,25.5,73.1,2.69,6.23,41,0,2.1,980.55,0,170.4
MCH-383,Hydraulic Press,2015,10,1870.8,70.69,17.2,39.1,65.8,6.83,28.46,193,0,2.7,597.01,0,181.1
MCH-384,Conveyor,2009,16,4392.4,45.34,19.2,47.2,63.4,5.89,23.13,102,1,19.4,16174.44,1,368.2
MCH-385,CNC Mill,2014,11,2446.1,71.71,16.4,59.2,69.19,6.39,21.86,223,0,1.8,542.26,1,211.1
MCH-386,CNC Mill,2016,9,2219.4,59.38,20.0,79.4,68.29,3.73,12.88,171,2,36.4,37335.18,0,284.9
MCH-387,Lathe,2017,8,1313.4,70.26,13.6,35.2,68.91,3.96,23.61,236,1,24.3,12280.5,0,160.5
MCH-388,Conveyor,2016,9,997.6,40.36,7.9,25.0,63.22,3.7,29.61,166,0,9.4,4471.9,0,128.8
MCH-389,Conveyor,2016,9,1615.2,45.19,14.0,20.9,69.84,3.13,16.51,140,2,48.7,29252.3,0,217.1
MCH-390,Lathe,2014,11,1766.8,44.25,14.0,43.8,62.34,3.76,13.12,254,0,3.0,1118.66,0,182.5
MCH-391,Welding Unit,2020,5,461.6,59.14,6.8,39.2,74.98,4.85,25.43,66,0,8.5,3316.41,0,66.0
MCH-392,Conveyor,2008,17,1891.5,69.7,10.3,45.2,76.07,2.47,8.74,118,1,16.2,14334.52,0,197.8
MCH-393,Conveyor,2017,8,1204.2,55.94,13.1,19.3,68.12,6.4,14.86,47,1,18.2,13096.44,0,161.3
MCH-394,Hydraulic Press,2014,11,2059.0,47.42,16.8,44.2,64.64,6.86,18.98,338,1,27.5,17741.58,1,108.8
MCH-395,CNC Mill,2020,5,795.0,71.68,12.0,39.0,68.92,7.88,7.81,192,1,14.7,17888.39,0,94.8
MCH-396,Lathe,2013,12,2524.7,64.32,14.6,13.1,80.79,3.88,8.65,124,1,21.2,17070.65,0,306.5
MCH-397,CNC Mill,2011,14,3828.6,87.78,19.3,11.0,74.11,8.02,25.5,360,0,4.7,1983.42,1,89.7
MCH-398,Lathe,2011,14,2570.2,70.18,13.6,79.5,78.95,3.64,20.58,360,0,9.1,2517.4,1,143.9
MCH-399,Lathe,2012,13,1520.8,54.92,8.8,76.2,64.38,4.0,16.62,39,3,64.3,62194.69,0,195.5
MCH-400,Welding Unit,2008,17,2404.6,61.26,10.1,45.6,61.66,3.1,29.49,55,2,38.4,21731.46,0,270.4
MCH-401,Conveyor,2016,9,1834.4,53.61,19.0,33.3,61.06,3.3,18.24,206,1,15.2,12972.39,0,231.1
MCH-402,CNC Mill,2012,13,2946.3,88.33,17.4,67.0,76.33,4.92,27.26,20,4,98.8,65075.42,0,372.2
MCH-403,Welding Unit,2009,16,3272.6,77.29,16.2,58.1,80.94,3.01,26.82,218,1,22.0,16519.26,0,271.1
MCH-404,CNC Mill,2016,9,921.5,71.96,7.8,24.2,70.76,3.22,22.1,75,2,48.4,44115.79,0,128.4
MCH-405,Welding Unit,2018,7,1889.6,57.46,19.1,76.4,78.79,3.44,18.93,65,0,8.8,3780.75,0,269.9
MCH-406,Hydraulic Press,2014,11,1512.5,85.19,10.2,61.7,81.39,8.57,20.92,82,1,11.7,17112.53,0,151.0
MCH-407,CNC Mill,2017,8,1281.4,52.77,13.9,35.1,57.98,4.62,22.18,357,1,18.7,17071.71,0,118.5
MCH-408,CNC Mill,2021,4,567.6,49.01,11.4,38.6,62.12,3.53,10.66,12,1,26.4,18599.83,0,83.5
MCH-409,Hydraulic Press,2009,16,1941.5,64.16,8.5,58.2,72.02,3.49,20.43,239,1,23.0,21367.17,1,141.1
MCH-410,Conveyor,2014,11,2163.1,72.66,14.6,71.3,78.9,3.57,18.13,24,0,8.3,4139.63,0,297.9
MCH-411,Welding Unit,2016,9,1391.1,70.67,11.5,54.1,67.04,5.41,17.9,30,1,16.9,15621.58,0,189.6
MCH-412,Conveyor,2010,15,2316.4,43.0,11.9,20.0,60.14,5.77,17.92,335,3,33.6,33014.45,1,85.4
MCH-413,CNC Mill,2010,15,2048.6,41.37,11.5,72.8,63.43,2.44,16.34,108,3,31.8,47604.71,0,242.6
MCH-414,Welding Unit,2019,6,1075.1,78.84,16.3,16.0,81.39,9.19,20.85,201,2,48.0,44048.05,0,109.1
MCH-415,Welding Unit,2008,17,4031.0,71.1,16.8,20.5,68.27,3.84,21.49,79,1,21.6,17132.07,0,408.7
MCH-416,Welding Unit,2012,13,2134.3,47.24,14.8,53.6,65.6,5.12,10.07,134,0,8.6,1734.84,0,223.6
MCH-417,CNC Mill,2011,14,1657.3,64.96,9.0,52.1,72.78,10.01,16.05,8,1,25.8,22794.09,0,136.3
MCH-418,CNC Mill,2008,17,1587.0,59.2,8.6,12.3,59.02,2.71,8.63,300,4,61.5,41954.11,1,91.1
MCH-419,Hydraulic Press,2010,15,2995.9,78.03,15.4,65.1,77.83,3.06,19.87,95,3,65.8,44405.63,0,348.9
MCH-420,CNC Mill,2013,12,3072.2,81.71,18.6,14.5,70.31,4.47,26.08,246,1,18.7,14353.27,0,281.7
MCH-421,Welding Unit,2019,6,580.3,71.43,8.9,47.0,74.9,2.93,29.48,49,1,26.4,23759.75,0,84.4
MCH-422,Conveyor,2017,8,1665.9,71.63,17.9,74.9,54.08,3.16,20.58,319,2,40.2,37739.07,0,188.7
MCH-423,Conveyor,2011,14,3198.6,40.09,15.9,53.8,68.06,5.14,5.6,65,1,31.6,18624.76,0,360.1
MCH-424,Hydraulic Press,2020,5,796.3,51.07,14.9,65.3,71.94,2.85,12.04,162,1,19.9,13135.75,0,113.2
MCH-425,Welding Unit,2014,11,2300.2,41.6,16.1,33.1,54.28,5.39,9.39,178,3,78.7,61477.68,0,243.8
MCH-426,Conveyor,2022,3,763.0,65.44,18.1,74.9,70.83,5.06,25.35,33,1,24.4,15568.79,0,111.4
MCH-427,Welding Unit,2018,7,1048.4,83.77,10.6,20.5,79.8,5.31,6.66,20,1,31.0,24934.19,0,148.3
MCH-428,Hydraulic Press,2010,15,2988.6,81.33,14.3,32.0,76.43,5.97,22.63,21,2,35.0,26497.86,0,325.6
MCH-429,Hydraulic Press,2011,14,2122.0,60.58,13.4,24.1,70.69,6.32,5.93,52,3,57.8,56380.38,0,224.7
MCH-430,Lathe,2022,3,536.4,57.07,12.8,63.9,72.16,8.27,13.18,55,0,0.4,183.78,0,74.9
MCH-431,Hydraulic Press,2008,17,1911.8,86.65,10.4,33.3,72.75,5.43,26.8,28,0,6.6,2463.57,0,189.1
MCH-432,Conveyor,2018,7,1536.6,50.59,18.5,32.3,63.33,3.21,11.92,230,2,21.5,19871.14,0,201.2
MCH-433,Conveyor,2016,9,1358.0,59.27,13.2,19.9,64.33,5.46,12.96,365,2,37.2,33624.98,0,101.4
MCH-434,Welding Unit,2015,10,720.7,89.68,6.7,36.9,77.05,7.47,6.26,49,3,51.0,61569.18,0,87.0
MCH-435,Lathe,2017,8,1048.0,50.9,11.0,66.7,66.23,4.57,23.96,45,1,18.6,20641.69,0,146.6
MCH-436,Hydraulic Press,2015,10,1348.9,82.16,10.3,76.3,67.85,6.04,16.76,78,2,51.0,44369.56,0,168.2
MCH-437,Lathe,2015,10,1394.5,46.21,12.8,69.2,67.09,10.65,16.97,149,2,37.8,28889.69,1,98.4
MCH-438,CNC Mill,2013,12,1807.6,56.62,13.8,51.3,65.45,4.89,16.52,127,4,50.2,50329.85,0,206.2
MCH-439,Welding Unit,2021,4,771.5,93.91,15.7,34.0,79.42,8.42,19.18,360,0,6.7,2770.94,1,65.5
MCH-440,Hydraulic Press,2009,16,2838.5,70.53,14.3,22.3,77.2,2.52,25.55,212,0,6.9,3077.12,1,253.0
MCH-441,Conveyor,2015,10,1631.9,51.97,15.0,50.7,63.36,4.84,8.47,330,0,6.6,1897.18,0,134.0
MCH-442,Lathe,2017,8,1124.5,88.26,12.3,65.6,74.66,4.81,12.49,352,1,33.0,27837.58,0,103.4
MCH-443,Lathe,2017,8,702.5,62.23,6.1,30.6,59.62,6.59,8.19,194,2,48.9,45338.08,0,78.4
MCH-444,CNC Mill,2021,4,430.6,63.74,10.0,53.8,66.72,4.72,19.75,200,1,19.9,18439.86,0,59.0
MCH-445,Welding Unit,2016,9,1452.9,86.2,11.4,79.8,77.7,3.63,8.86,348,1,11.0,9737.5,0,140.5
MCH-446,Conveyor,2018,7,1220.6,44.66,12.1,39.1,62.74,1.99,21.06,238,2,40.8,27991.19,0,164.8
MCH-447,Conveyor,2021,4,590.2,50.22,12.3,50.5,68.73,6.9,20.11,126,1,20.4,18736.49,0,80.3
MCH-448,Welding Unit,2015,10,1761.1,66.48,15.9,19.9,61.44,3.81,22.26,274,2,32.6,35183.31,0,185.0
MCH-449,Conveyor,2018,7,1641.3,44.29,16.4,65.9,57.14,4.17,20.84,164,2,21.2,32792.55,0,219.9
MCH-450,Conveyor,2022,3,507.9,63.16,12.6,65.9,72.19,6.65,29.01,153,0,9.2,3846.44,0,69.6
MCH-451,Hydraulic Press,2012,13,1116.3,49.3,6.9,79.3,70.4,7.57,6.29,324,0,0.8,364.35,1,41.4
MCH-452,CNC Mill,2012,13,1203.0,87.18,7.9,17.8,75.04,2.83,5.36,94,4,88.8,57223.31,0,153.2
MCH-453,Welding Unit,2015,10,1075.3,41.82,8.5,77.7,61.97,5.77,29.6,309,1,29.8,18514.99,1,84.1
MCH-454,Conveyor,2019,6,1023.4,80.39,14.9,55.0,66.49,3.4,13.63,64,0,4.0,1695.38,0,147.6
MCH-455,Lathe,2011,14,2108.6,66.1,11.3,70.9,69.6,4.94,8.63,11,2,52.0,48973.37,0,259.8
MCH-456,Welding Unit,2009,16,3931.3,92.59,18.8,74.3,76.57,5.16,15.79,144,2,33.2,27565.28,0,316.0
MCH-457,Welding Unit,2020,5,896.3,76.95,15.5,46.4,73.46,4.09,24.26,351,0,0.1,22.04,0,105.1
MCH-458,CNC Mill,2009,16,2841.3,59.33,13.4,27.6,72.55,3.91,23.13,22,0,0.6,280.91,0,335.8
MCH-459,Hydraulic Press,2017,8,1589.9,46.6,14.9,19.1,66.51,4.43,26.41,341,2,44.9,46270.49,0,155.9
MCH-460,Welding Unit,2012,13,2308.4,75.13,12.5,29.3,73.89,4.09,28.07,223,2,32.6,22675.9,0,216.0
MCH-461,Welding Unit,2013,12,2776.7,84.7,19.9,14.9,78.95,5.98,9.45,107,4,65.2,47951.98,0,304.6
MCH-462,Lathe,2011,14,2258.6,64.29,14.6,12.4,71.59,5.71,11.47,41,4,89.2,51909.08,0,255.1
MCH-463,Lathe,2022,3,236.5,48.34,6.5,37.4,59.78,5.1,13.25,6,1,20.2,21240.06,0,34.7
MCH-464,Lathe,2016,9,1002.5,77.91,9.2,18.5,79.62,5.46,24.5,279,2,30.4,26276.68,0,96.4
MCH-465,Welding Unit,2013,12,2316.5,44.43,13.5,63.7,58.18,4.39,16.49,336,1,11.4,11774.87,1,161.4
MCH-466,Welding Unit,2022,3,298.5,66.76,7.5,40.7,71.9,3.31,27.13,102,0,0.3,81.46,0,43.6
MCH-467,CNC Mill,2009,16,3582.0,67.48,17.1,66.8,63.45,3.95,29.12,13,0,3.4,1093.62,0,427.9
MCH-468,Welding Unit,2020,5,960.2,91.7,15.2,47.6,73.81,4.46,26.76,301,0,0.4,158.46,0,118.2
MCH-469,Lathe,2022,3,613.5,78.57,18.9,22.1,65.61,5.62,8.26,30,1,22.9,21431.13,0,89.3
MCH-470,Lathe,2021,4,771.2,72.72,17.4,14.4,68.64,6.67,20.39,108,1,22.1,19464.6,0,106.6
MCH-471,Hydraulic Press,2018,7,1102.3,86.0,14.1,63.5,74.42,4.44,24.83,308,0,1.2,389.46,0,123.0
MCH-472,CNC Mill,2016,9,864.4,72.01,8.3,65.4,70.74,3.4,8.33,328,3,63.8,42490.56,0,89.3
MCH-473,CNC Mill,2022,3,283.5,88.78,7.2,66.5,89.0,3.68,15.41,248,0,6.4,2071.1,0,39.3
MCH-474,Lathe,2017,8,1621.9,79.45,15.7,16.2,78.95,2.89,20.3,159,1,20.7,17185.84,0,221.0
MCH-475,Welding Unit,2017,8,1202.3,69.68,11.1,63.9,72.76,5.43,10.48,342,0,1.9,770.59,0,106.3
MCH-476,Lathe,2015,10,1121.5,42.37,8.5,30.0,57.88,4.4,21.12,227,2,35.4,32708.19,0,123.4
MCH-477,Hydraulic Press,2022,3,455.5,41.6,13.5,15.0,62.46,2.82,17.87,125,1,21.3,15572.6,0,66.5
MCH-478,CNC Mill,2011,14,2812.2,45.39,16.9,70.9,71.13,6.37,23.44,197,1,15.1,10537.86,1,197.2
MCH-479,CNC Mill,2022,3,492.5,60.54,14.5,23.6,67.06,4.53,16.44,188,1,12.7,14689.38,0,69.2
MCH-480,Conveyor,2009,16,3548.3,49.42,17.9,72.0,65.87,1.98,13.59,314,1,27.8,18092.54,1,243.2
MCH-481,Hydraulic Press,2021,4,449.4,68.7,9.2,25.2,69.37,3.41,26.55,247,1,20.0,17841.71,0,61.7
MCH-482,Lathe,2014,11,2177.1,72.55,14.1,50.2,66.76,4.01,8.72,7,3,74.4,61154.87,0,299.8
MCH-483,CNC Mill,2014,11,1837.8,83.89,13.4,41.7,84.16,5.79,25.53,128,0,0.1,48.5,0,207.6
MCH-484,CNC Mill,2013,12,1588.7,44.99,10.1,31.3,60.64,5.64,16.99,365,3,75.2,41033.61,1,80.4
MCH-485,Hydraulic Press,2021,4,717.3,87.94,15.8,59.3,83.38,6.49,20.67,5,0,6.9,1993.94,0,103.4
MCH-486,Lathe,2019,6,1464.0,83.7,19.2,15.7,75.41,3.46,24.69,176,2,52.8,44525.69,0,201.9
MCH-487,Conveyor,2009,16,2264.5,42.25,11.4,55.4,66.17,5.25,14.16,365,0,7.7,2313.69,1,67.5
MCH-488,Lathe,2009,16,3249.4,81.38,15.1,59.2,78.89,5.78,26.78,120,2,30.7,32297.04,0,261.1
MCH-489,Lathe,2013,12,1619.3,68.97,10.8,59.7,71.26,6.55,8.07,352,4,97.7,74000.45,1,73.8
MCH-490,CNC Mill,2011,14,3208.2,44.41,18.5,30.2,62.33,7.59,27.45,44,0,1.1,269.66,0,309.9
MCH-491,Lathe,2016,9,1864.2,62.91,19.3,75.2,70.88,10.73,22.06,247,2,37.7,20107.92,1,98.7
MCH-492,Welding Unit,2021,4,950.8,68.58,17.2,50.5,68.73,4.86,13.4,340,1,22.9,18649.64,0,113.3
MCH-493,CNC Mill,2012,13,2540.9,56.86,13.9,25.9,61.9,3.63,24.73,195,2,42.6,31409.16,0,264.6
MCH-494,Conveyor,2017,8,2018.9,55.69,18.9,68.8,69.8,7.04,29.33,359,2,44.6,34555.03,1,137.6
MCH-495,Lathe,2010,15,2205.4,51.28,12.2,56.6,80.21,4.31,22.68,181,1,19.7,12348.19,1,191.9
MCH-496,Conveyor,2014,11,2835.7,92.13,19.0,20.9,77.83,4.7,28.2,284,2,41.0,48045.7,0,248.2
MCH-497,CNC Mill,2018,7,725.5,89.88,8.1,58.2,74.45,4.88,16.05,250,0,5.5,1762.69,0,86.3
MCH-498,Lathe,2015,10,1307.5,73.45,11.0,46.9,77.49,4.29,9.88,147,1,13.8,14994.83,0,162.9
MCH-499,Lathe,2016,9,1294.8,73.17,11.5,13.9,76.62,6.36,17.79,346,2,36.7,30143.91,1,91.3
MCH-500,Welding Unit,2012,13,1659.1,64.51,10.8,25.1,60.03,3.12,19.03,232,3,67.9,72516.43,0,166.4
